{
  "name": "angular-aria",
  "version": "1.6.4",
  "license": "MIT",
  "main": "./angular-aria.js",
  "ignore": [],
  "dependencies": {
    "angular": "1.6.4"
  },
  "homepage": "https://github.com/angular/bower-angular-aria",
  "_release": "1.6.4",
  "_resolution": {
    "type": "version",
    "tag": "v1.6.4",
    "commit": "ad51b1b65c8607d7982e608db7f6efecb66c0f86"
  },
  "_source": "https://github.com/angular/bower-angular-aria.git",
  "_target": "^1.4.8",
  "_originalSource": "angular-aria"
}