{
  "name": "angular-material",
  "version": "1.1.3",
  "license": "MIT",
  "ignore": [],
  "dependencies": {
    "angular": "^1.4.8",
    "angular-animate": "^1.4.8",
    "angular-aria": "^1.4.8",
    "angular-messages": "^1.4.8"
  },
  "main": [
    "angular-material.js",
    "angular-material.css"
  ],
  "homepage": "https://github.com/angular/bower-material",
  "_release": "1.1.3",
  "_resolution": {
    "type": "version",
    "tag": "v1.1.3",
    "commit": "db8bbe834d0f96fbd9a3187e23b7ba6af4c084c4"
  },
  "_source": "https://github.com/angular/bower-material.git",
  "_target": "~1.1.3",
  "_originalSource": "angular-material",
  "_direct": true
}